"id","description"
"011","– Pouvoir législatif
– Parlement, commissions permanentes et commissions ad hoc, votations et élections"
"012","– Pouvoir exécutif,
– Conseil fédéral, gouvernements cantonaux, conseils communaux
Ne sont pas compris :
– les secrétariats généraux, les secrétariats des chefs de département au niveau fédéral, cantonal et communal, les commissions interdépartementales chargées d’une tâche définie (répartition selon le domaine de compétence)"
"021","– Frais d’émission (962), gestion des fonds publics, mise en œuvre des systèmes fiscaux (y c. pénalités fiscales)
– Offices des finances, autorités douanières, prestations de la comptabilité et du contrôle des comptes
– Administration financière et fiscale et prestations correspondantes à tous les niveaux de l’administration
Ne sont pas compris :
– l’administration de la fortune et de la dette (96), la surveillance des banques (860)
– les commissions de vérification des comptes (011)
– frais de poursuites (fonction concernée par la transaction)"
"022","– Administration générale
– Prestations ne pouvant être affectées à une fonction particulière"
"023","– Cette fonction incombe à la Confédération.
– Administration, gestion opérationnelle ou soutien dans le domaine météorologique par ex. Organisation météorologique mondiale à Genève, Organisation européenne pour l’exploitation de satellites météorologiques, Darmstadt, Centre européen pour les prévisions météorologiques à moyen terme,
– Administration, gestion opérationnelle ou soutien dans le domaine de la topographie"
"029","– Bâtiments à usages multiples (en tant que tâche non déterminée)"
"031","– Gestion des affaires étrangères et prestations correspondantes
– Gestion opérationnelle du Département des affaires étrangères et des représentations diplomatiques ou consulaires à l’étranger ou au siège des organisations internationales, fourniture ou soutien de services d’information ou de prestations culturelles à l’étranger, gestion ou soutien de bibliothèques, de salles de lecture et de services de documentation à l’étranger
– Cotisations ordinaires de membre ou cotisations extraordinaires destinées à couvrir les coûts de fonctionnement d’organisations internationales
Ne sont pas compris :
– l’aide économique aux pays en voie de développement ou en transition (033 ou 034)
– les missions d’aide économique accréditées auprès de gouvernements étrangers (033 ou 034)
– les contributions aux programmes d’aide économique d’organisations internationales ou régionales (033)
– les unités militaires stationnées à l’étranger (161)
– l’aide militaire à l’étranger (163)
– les affaires générales de la politique économique extérieure (850)
– les affaires et prestations liées au tourisme (840)"
"032","– Aide humanitaire
N’est pas comprise :
– la promotion de la paix (163)"
"033","– Administration de l’aide économique prodiguée par le biais des organisations internationales
– Contributions en espèces ou en nature à des fonds d’aide au développement gérés par des organisations internationales, régionales ou multilatérales
N’est pas comprise :
– l’aide aux opérations internationales de maintien de la paix (163)"
"034","– Administration de la coopération économique avec les pays en développement
– Gestion opérationnelle de missions d’aide économique accréditées auprès de gouvernements étrangers, gestion opérationnelle ou soutien de programmes de coopération technique, de formation, de recherche et d’octroi de bourses
– Aide économique sous forme d’allocations (prestations en espèces ou en nature) ou de prêts (indépendamment de la charge d’intérêts)
Ne sont pas comprises :
– les contributions à des fonds de développement économique d’organisations internationales ou régionales (033)
– l’aide militaire à l’étranger (163)"
"035","– Administration de la coopération économique avec les pays en transition
– Gestion opérationnelle de missions d’aide économique accréditées auprès de gouvernements étrangers, gestion opérationnelle ou soutien de programmes d’aide technique, de formation, de recherche ou d’octroi de bourses
– Aide économique sous forme d’allocations (prestations en espèces ou en nature) ou de prêts (indépendamment de la charge d’intérêts)
Ne sont pas comprises :
– les contributions aux fonds de développement économique d’organisations internationales ou régionales (033)
– l’aide militaire à l’étranger (163)"
"080","– Administration, gestion opérationnelle ou soutien de la recherche appliquée et du développement expérimental dans le domaine de l’administration publique"
"111","– Engagement des forces de police régulières et auxiliaires, de la police des frontières et des polices portuaires ainsi que des autres unités de police spéciales entretenues par les pouvoirs publics,
– Ecole de police
N’est pas comprise :
– la sécurité routière (112)"
"112","– Réglementation et contrôle du trafic routier
N’est pas comprise :
– la sécurité dans l’aviation et dans la navigation spatiale (632)"
"113","– Office cantonal de la circulation routière et de la navigation"
"120","– Administration, gestion opérationnelle ou soutien des juridictions civiles et pénales, des tribunaux des assurances et du système judiciaire en général
– Prononciation de peines pécuniaires et d’indemnités judiciaires ainsi que de mises en liberté ou du succès de mises à l’épreuve
– Représentation en justice ou fourniture de renseignements juridiques sur mandat de l’Etat ou de tiers financés par l’Etat ou mis à disposition par celui-ci
N’est pas comprise :
– l’exécution des peines (130)"
"130","– Administration, gestion opérationnelle ou soutien des prisons et des autres institutions destinées à la privation de liberté et à la réinsertion de malfaiteurs, comme les fermes-prisons, les centres d’éducation surveillée, les homes pour délinquants juvéniles, les instituts psychiatriques destinés à interner les malfaiteurs jugés irresponsables de leurs actes"
"140","– Administration, gestion opérationnelle ou soutien d’activités telles que l’élaboration, la mise en œuvre, la coordination et la surveillance de la politique générale, des plans, des programmes et des budgets relatifs à l’ordre et à la sécurité publics, préparation et mise en œuvre de la législation relative à l’ordre et à la sécurité publics
– Prestations dans le domaine juridique
– Médiateurs et équivalents
– Domaine du cadastre et de la mensuration
– Activités et prestations en rapport avec l’ordre et la sécurité publics qui ne sont pas comprises dans les fonctions 11, 12, 13, 15, 16 ou 18"
"150","– Administration des activités et des prestations ayant trait à la prévention et à la lutte contre les incendies et d’autres tâches affectées au service du feu
– gestion opérationnelle de corps de pompiers professionnels et soutien des corps de pompiers bénévoles, services de prévention et de lutte contre les incendies, mise à disposition ou soutien de programmes de formation en rapport avec la prévention et la lutte contre les incendies
Ne sont pas compris :
– la défense civile (162)
– les forces spécialement formées pour la prévention et la lutte contre les feux de forêt (820)"
"161","– Gestion des activités et des prestations de défense militaire
– Prestations opérationnelles d’ingénierie, de transports, de communication et d’information
Ne sont pas comprises :
– les opérations d’aide militaire (163)"
"162","– Gestion des activités et des prestations de défense civile (protection civile notamment), élaboration de plans en cas de catastrophe, organisation d’exercices avec le concours d’institutions civiles et de la population civile
– Prestations opérationnelles ou soutien des forces de défense civile
Ne sont pas compris :
– les services du feu (150),
– l’achat et le stockage de produits alimentaires, d’équipements et d’autres articles destinés à être utilisés en cas d’urgence ou de catastrophe en temps de paix (850)"
"163","– Administration de l’aide militaire et conduite d’actions militaires reconnues par des gouvernements étrangers ou liées à des organisations ou alliances militaires internationales
– Aide militaire sous la forme de transferts ou de prêts publics sous la forme d’équipements
– Contributions aux mesures internationales de maintien de la paix, y compris la mise à disposition de personnel"
"181","– Administration, gestion opérationnelle ou soutien de la recherche appliquée et du développement expérimental dans le domaine de l’ordre et de la sécurité publics
N’est pas comprise :
– la recherche fondamentale (281)"
"182","– Administration, gestion opérationnelle ou soutien de la recherche appliquée et du développement expérimental dans le domaine de l’ordre et de la sécurité publics
N’est pas comprise :
– la recherche fondamentale (281)"
"211","– D’un point de vue structurel, les cantons sont dotés de divers modèles de jardins d’enfants, de cycles élémentaires et de petites écoles
– Enseignement (axé sur l’acquisition de compétences sociales et de méthodes de travail scolaires) au degré élémentaire ou au niveau 0 selon CITE 97
– Administration, surveillance, gestion opérationnelle ou soutien des écoles et des autres institutions dispensant un enseignement au niveau élémentaire, soit au niveau 0 selon CITE 97
Ne sont pas comprises :
– les prestations des fonctions 214, 218 ou 219"
"212","– Enseignement (axé sur la lecture, l’écriture, le calcul et d’autres matières) au niveau 1 selon CITE 97
– Enseignement destiné aux élèves présentant des difficultés d’apprentissage (classes à effectif réduit, classes d’intégration, classes pour élèves de langue étrangère)
– Administration, surveillance, gestion opérationnelle ou soutien des écoles et des autres institutions dispensant un enseignement de niveau 1 selon CITE 97
Ne sont pas comprises :
– les prestations des fonctions 214, 218 ou 219"
"213","– Enseignement (axé sur la culture générale et la préparation à la vie professionnelle ou à l’entrée dans les degrés d’enseignement supérieurs) de degré secondaire I ou de niveau 2 selon CITE 97
– Administration, surveillance, gestion opérationnelle ou soutien des écoles et des autres institutions dispensant un enseignement de degré secondaire I ou de niveau 2 selon CITE 97
– Enseignement aux élèves présentant des difficultés d’apprentissage (classes à effectif réduit, classes d’intégration, classes pour élèves de langue étrangère, classes de développement)
– Bourses, allocations, prêts et aides financières destinés aux élèves suivant une formation de degré secondaire I ou de niveau 2 selon CITE 97
– « Offres transitoires » telles que la 10e année, dans la mesure où il s’agit d’une offre de type scolaire.
Ne sont pas comprises :
– les prestations des fonctions 214, 218 ou 219"
"214","– Ecoles de musique au niveau du cycle obligatoire"
"217","– Administration, construction, exploitation et entretien de bâtiments scolaires"
"218","– Accueil de jour extrafamilial (y compris les repas) d’enfants et d’adolescents, sans l’accueil résidentiel, service de repas à l’école
Ne sont pas comprises :
– les garderies et les crèches (545)"
"219","– Tâches dans le domaine de la scolarité (21) ne pouvant être rattachées à aucune fonction spécifique,
– Administration de la scolarité obligatoire"
"220","– Ecoles d’enseignement spécialisé, écoles pour handicapés régies par les lois cantonales sur l’école et l’éducation et par les ordonnances et directives correspondantes, ainsi que d’autres lois (loi sur l’aide sociale, loi sur l’égalité pour les handicapés, etc.)
– Prestations dans le domaine de la pédagogie curative précoce, mesures pédagogiques curatives (y compris hébergement et repas), ainsi que transport
Ne sont pas compris :
– l’enseignement des langues nationales pour les élèves de langue étrangère, les cours d’appui et la logopédie, les devoirs surveillés, les classes à effectif réduit, les classes de développement, etc. (21)"
"230","– Enseignement de degré secondaire II ou de niveaux 3 et 4 selon CITE 97
– Formation professionnelle initiale de degré secondaire II pouvant prendre la forme d’un apprentissage professionnel (système dual : école et entreprise) ou d’une école à plein temps
– Maturité professionnelle"
"251","– Enseignement de degré secondaire II ou de niveau 3 selon CITE 97
– Administration, surveillance, gestion opérationnelle ou soutien des écoles et des autres institutions dispensant un enseignement de degré secondaire II ou de niveau 3 selon CITE 97
– Bourses, allocations, prêts et aides financières destinés à soutenir les élèves suivant une formation de degré secondaire II ou de niveau 3 selon CITE 97
– Enseignement extrascolaire destiné aux adultes et aux jeunes adultes suivant un cursus de degré secondaire II
N’est pas comprise :
– la maturité professionnelle (230)"
"252","– Ecoles de culture générale (anciennement écoles de degré diplôme) offrant un cursus élargi préparant de façon ciblée les étudiants aux formations professionnelles supérieures (écoles supérieures spécialisées ou hautes écoles spécialisées). Enseignement de degré secondaire II ou de niveau 3 selon CITE 97
N’est pas comprise :
– la maturité professionnelle (230)"
"260","– Enseignement de degré post-secondaire non supérieur ou de niveau 5B selon CITE 97
– Administration, surveillance, gestion opérationnelle ou soutien des institutions dispensant un enseignement de degré post-secondaire non supérieur ou de niveau 5B selon CITE 97
– Bourses, allocations, prêts et aides financières destinés aux étudiants suivant une formation de degré post-secondaire non supérieur ou de niveau 5B
– Enseignement extrascolaire destiné aux adultes et aux jeunes adultes suivant un cursus post-secondaire, non supérieur
– Diplôme d’une école supérieure spécialisée (ESS) reconnue ou diplôme professionnel supérieur/diplôme supérieur spécialisé (brevet ou diplôme fédéral, maîtrise fédérale)"
"271","– Enseignement de degré supérieur ou de niveau 5A ou 6 selon CITE 97
– Administration, surveillance, gestion opérationnelle ou soutien des universités et des autres institutions dispensant un enseignement de degré supérieur ou de niveau 5A ou 6 selon CITE 97
– Bourses, allocations, prêts et aides financières destinés aux étudiants suivant une formation de degré supérieur ou de niveau 5A ou 6 selon CITE 97
– Dix universités cantonales (ZH, BE, FR, BS, SG, TI, VD, NE, GE, LU)
– Ecoles polytechniques fédérales"
"272","– Enseignement de degré supérieur ou de niveau 5A selon CITE 97
– Formation initiale d’enseignants de degré élémentaire, de degré primaire et partiellement aussi de degré secondaire I et II, assurées par environ quinze hautes écoles pédagogiques (HEP).
– Les hautes écoles pédagogiques ont le statut de haute école spécialisée mais sont néanmoins soumises au droit cantonal"
"273","– Enseignement de degré supérieur ou de niveau 5A selon CITE 97
– Administration, surveillance, gestion opérationnelle ou soutien des universités et des autres institutions dispensant un enseignement de degré supérieur ou de niveau 5A selon CITE 97
– Bourses, allocations, prêts et aides financières destinés aux étudiants suivant une formation de degré supérieur ou de niveau 5A selon CITE 97"
"281","– Administration, gestion opérationnelle ou soutien – sous la forme de contributions ou d’investissements – des institutions non étatiques comme les instituts de recherche ou les universités.
Ne sont pas compris :
– La recherche et le développement dans les domaines fonctionnels"
"282","– Administration, gestion opérationnelle ou soutien de la recherche appliquée et du développement expérimental dans le domaine de la formation.
N’est pas comprise :
– la recherche fondamentale (281)"
"291","– Gestion opérationnelle ou soutien à la formation, ainsi que coordination et monitorage de l’ensemble des politiques scolaires, des plans, des programmes et des budgets
– Administration et prestations des départements de l’instruction publique
– Octroi de licences aux instituts de formation
Ne sont pas compris :
– l’administration de la scolarité obligatoire (219)
– l’administration, la construction, la gestion et l’entretien des bâtiments scolaires (219)"
"299","– Autres tâches ne pouvant être rattachées à un degré particulier de formation (formation pour adultes, formation continue, orientation professionnelle)
– Bourses non rattachées à un degré de formation"
"311","– Administration, gestion opérationnelle, entretien ou soutien de divers musées (y compris aux musées en plein air), de galeries d’art (sculpture, peinture, photo), de halles d’exposition, etc
– aide aux artistes des arts plastiques et visuels (sculpteurs, peintres, photographes, designers, ou autres)
– aide aux organisations actives dans le domaine des arts plastiques et visuels (associations d’art, associations de musées ou autres)
Ne sont pas compris :
– les manifestations organisées dans le cadre des relations politiques (031)
– les festivités nationales, régionales ou locales, notamment dans le cadre de la promotion du tourisme (840)"
"312","– Administration, gestion opérationnelle, entretien ou soutien des bâtiments et des sites historiques, protégés ou archéologiques.
Ne sont pas comprises :
– les festivités nationales, régionales ou locales, notamment dans le cadre de la promotion du tourisme (840)"
"321","– Administration, gestion opérationnelle, entretien ou soutien des bibliothèques,
– Administration, gestion opérationelle, entretien ou soutien d’archives historiques ou littéraires (manuscrits, chroniques, cartes, graphiques ou autres)
– Promotion ou soutien des sociétés de lecture et d’autres organisations culturelles dans le domaine des bibliothèques et archives
– Promotion de livres et salons du livre et festivals de littérature ainsi que d’artistes et d’organisations dans le domaine de la littérature (écrivains, traducteurs littéraires, libraires, éditeurs etc.)
Ne sont pas compris :
– L’archivage de documents de l’administration (022)
– Traductions ordinaires"
"322","– Gestion opérationnelle, entretien ou soutien des manifestations musicales et théâtrales
– promotion de la musique, de la danse, du théâtre, des comédies musicales, de l’opéra et du cirque
– aide aux artistes du domaine de la musique et du théãtre (musiciens, compositeurs, chanteurs, acteurs de théâtre, metteurs-en-scène ou autres);
– aide aux organisations actives dans le domaine de la musique et du théâtre (orchestres, chorales, associations musicales, associations théâtrales ou autres)
N’est pas compris :
– Soutien pour les écoles de musique (214)"
"329","– Encouragement général et non spécifique de la culture
– promotion d’événements culturels non compris dans les fonctions 311, 312, 321 ou 322, 331 ou 332
– Jardins zoologiques ou botaniques, aquariums, sentiers didactiques en forêt et institutions similaires"
"331","– Promotion de la production et de la distribution de films,
– soutien des festivals du film
– aide aux artistes du domaine du film (acteurs, réalisateurs ou autres)
– aide aux organisations du domaine du film (associations cinématographiques, cinémathèques ou autres)
Ne sont pas compris :
– les films de commande pour la promotion touristique (840)"
"332","– Promotion de matériel culturel destiné à la diffusion télévisée, radiophonique ou sur Internet, productions multimédias
– promotion de journaux, presse, médias
Ne sont pas comprises :
– les centrales des imprimés des collectivités publiques (022)
– les éditions de matériel scolaire (219)
– la fourniture de matériel destiné aux tâches de formation (2)"
"341","– Administration, gestion opérationnelle, entretien ou soutien d’installations sportives,
– Surveillance et émission de directives concernant les installations sportives
– Promotion ou soutien d’activités et de manifestations sportives.
Ne sont pas comprises
– les installations sportives liées à des institutions de formation (attribuées à la catégorie correspondante du domaine de formation 2)"
"342","– Administration, gestion opérationnelle, entretien ou soutien des prestations dans le domaine des loisirs,
– Gestion opérationnelle ou soutien d’installations récréatives (parcs, terrains de camping et autres installations d’hébergement liées, à caractère non commercial, etc.)
Ne sont pas compris :
– les jardins zoologiques ou botaniques, les aquariums, les sentiers didactiques en forêt et institutions similaires (329)
– les installations de loisirs liées à des institutions de formation (attribuées à la catégorie correspondante du domaine de formation 2)"
"350","– Administration, gestion opérationnelle ou soutien des églises et des affaires religieuses"
"381","– Administration, gestion opérationnelle ou soutien de la recherche appliquée et du développement expérimental dans le domaine de la culture et des médias
N’est pas comprise :
– la recherche fondamentale (281)"
"382","– Administration, gestion opérationnelle ou soutien de la recherche appliquée et du développement expérimental dans le domaine du sport, des loisirs et de la religion
N’est pas comprise :
– la recherche fondamentale (281)"
"411","– Construction, gestion, entretien ou soutien d’établissements dédiés au traitement hospitalier de maladies aiguës ou à l’exécution, en milieu hospitalier, de mesures médicales de réadaptation. Ces établissements sont considérés comme des hôpitaux tant du point de vue de l’art. 39, al. 1, LAA que de celui de la statistique des hôpitaux de l’OFS
– Prestations d’intérêt général (PIG)"
"412","– Construction, gestion, entretien ou soutien d’établissements fonctionnant 24h sur 24 et accueillant des personnes pour un traitement ou une prise en charge résidentielle. Le séjour en home médicalisé peut être motivé par des raisons médicales ou sociales et il dure en principe un certain temps (définition d’après la Statistique des institutions médico-sociales de l’OFS)"
"413","– Construction, gestion, entretien ou soutien d’hôpitaux ou de cliniques spécialisés dans la discipline médicale de la psychiatrie"
"421","– Soins extrahospitaliers, soins à domicile, sociétés de samaritains, service de repas à domicile (non subventionné) etc"
"422","– Ambulances, police sanitaire, Rega, urgences médicales, etc"
"431","– Mesures prophylactiques et thérapeutiques
N'est pas comprise :
– l’assistance aux personnes dépendantes (579)"
"432","– Administration, contrôle, gestion ou soutien des services de santé publique : gestion de banques du sang (collecte, traitement, stockage, transport), dépistage (cancer, tuberculose, MST), prévention (immunisation, vaccinations), surveillance (nutrition et santé infantiles), récolte de données épidémiologiques, etc
– Rédaction et diffusion d’informations relatives aux services de santé publique
– Prestations assurées par des équipes spécialisées sur les lieux de travail ou sur d’autres sites non médicaux
– Services de santé publique non liés à un hôpital, une clinique ou un médecin"
"433","– Prestations de santé publique assurées par des équipes spécialisées, dans les écoles (par ex.dentiste scolaire)"
"434","– Inspections dans les entreprises,
– Inspections dans les laboratoires,
– Contrôle du respect des prescriptions légales"
"480","– Administration, gestion opérationnelle ou soutien de la recherche appliquée et du développement expérimental dans le domaine de la santé
– Laboratoires menant des recherches sur les causes de différentes maladies
N’est pas comprise :
– la recherche fondamentale (281)"
"490","– Administration, gestion opérationnelle ou soutien d’activités comme l’élaboration, la mise en œuvre, la coordination et la surveillance d’une politique étendue de la santé, des plans, des programmes et des budgets,
– Préparation et mise en œuvre de la législation et de normes dans le domaine de la santé, comme l'octroi de concessions à des établissements médicaux, l’élaboration de conditions d’habilitation pour le personnel médical et non médical et de conditions d’autorisation pour les médicaments,
– Activités liées à la santé et ne pouvant être associées à une fonction particulière"
"511","– Administration, gestion opérationnelle ou soutien conformément à la loi fédérale du 18 mars 1994 sur l’assurance-maladie (LAMal, RS 832.10)
Ne sont pas compris :
– les réductions de primes (512)
– le paiement des primes non payées (579)"
"512","– Contributions destinées à prendre en charge une partie des primes d’assurance maladie et accidents obligatoires
N’est pas compris :
– le paiement des primes non versées (579)"
"513","– Administration, gestion opérationnelle ou soutien conformément à la loi fédérale du 20 mars 1981 sur l’assurance-accidents (LAA, RS 832.20)
Ne sont pas comprises :
– les cotisations de l’employeur (attribuées par domaine d’activité)"
"514","– Administration, gestion opérationnelle ou soutien conformément à la loi fédérale du 19 juin 1992 sur l’assurance militaire (LAM, RS 833.1)"
"521","– Administration, gestion opérationnelle ou soutien confor¬mément à la loi fédérale du du 6 octobre 2006 sur les prestations complémentaires à l'AVS et à l'AI (LPC RS 831.30)
– contribution des pouvoirs publics.
Ne sont pas comprises :
– les cotisations de l’employeur (attribuées par domaine d’activité)"
"522","– Prestations complémentaires de la Confédération et des cantons conformément à la loi fédérale du 6 octobre 2006 sur les prestations complémentaires à l'AVS et à l'AI (LPC RS 831.30)
Ne sont pas compris :
– les aides cantonales complétant l’AI (571)
– les compléments communaux aux aides financières cantonales (571)"
"523","– Construction, gestion, entretien ou soutien d’établissements destinés à loger, employer, prendre en charge et promouvoir les personnes invalides
– Foyers pour invalides"
"524","– Prestations aux invalides non comprises dans les fonctions 521 à 523"
"531","– Administration, gestion opérationnelle ou soutien conformément à la loi fédérale du 20 décembre 1946 sur l’assurance-vieillesse et survivants (LAVS, RS 831.10),
– Contributions des pouvoirs publics,
– Caisses de compensation et agences communales
Ne sont pas comprises :
– les cotisations de l’employeur (attribuées par domaine d’activité)"
"532","– Prestations complémentaires de la Confédération et des cantons conformément à la loi fédérale du 6 octobre 2006 sur les prestations complémentaires à l'AVS et à l'AI (LPC RS 831.30),
Ne sont pas compris :
– les aides cantonales complétant l’AVS (571)
– les compléments communaux aux aides financières cantonales (571)"
"533","– Retraites, rentes transitoires, indemnités de vie chère pour les retraités
Ne sont pas comprises :
– les prestations de vieillesse (535)"
"534","– Foyers pour personnes âgées, résidences pour personnes âgées, appartements pour personnes âgées, maisons de retraite (sans suivi médical ni soins)
Ne sont pas compris :
– les EMS, les homes médicalisés (412)"
"535","– Prestations et contributions vieillesse non comprises dans les fonctions 531 à 534
– Soutien des institutions d’aide aux personnes âgées (par ex.Pro Senectute)"
"541","– Allocations familiales selon la législation fédérale et cantonale
– Allocations familiales dans l’agriculture
N‘est pas comprise :
– l’assurance-maternité (542) ;"
"542","– Administration, gestion opérationnelle ou soutien conformément à la loi fédérale du 25 septembre 1952 sur les allocations pour perte de gain en cas de service et de maternité (loi sur les allocations pour perte de gain, LAPG, RS 834.1) et à la législation cantonale"
"543","– Avance et aide au recouvrement de pensions alimentaires dues"
"544","– Mesures destinées à protéger les enfants et les adolescents. Ex. : protection de l’enfance, homes pour enfants, Pro Juventute, APEA protection de l’enfant
Ne comprend pas :
– APEA protection de l’adulte (545)"
"545","– Mesures destinées à protéger et à soutenir les familles. Ex. : conseil conjugal, allocations de maternité, allocations de naissance, garderies et crèches, APEA protection de l’adulte
Ne sont pas comprises :
– l’assurance-maternité (542);
– APEA protection de l’enfant (544)"
"551","– Administration, gestion opérationnelle ou soutien conformément à la loi du 25 juin 1982 sur l’assurance-chômage obligatoire et l’indemnité en cas d’insolvabilité (loi sur l’assurance chômage, LACI, RS 837.0)
– Contributions des pouvoirs publics.
Ne sont pas comprises :
– les cotisations de l’employeur (attribuées par domaine d’activité)"
"552","– Prestations individuelles aux chômeurs non comprises dans la fonction 551
Ne sont pas compris :
– les offices régionaux de placement"
"559","– Administration et prestations dans le domaine du chômage, dans la mesure où elles ne sont pas mentionnées ailleurs, offices régionaux de placement"
"560","– Administration, construction, entretien et exploitation de logements sociaux
– Prestations de soutien telles qu'allocations de loyer ou paiements destinés à alléger la charge hypothécaire des propriétaires de logement (c.-à-d. aides à l’amortissement de l’hypothèque ou au paiement des intérêts).
N‘est pas compris :
– l’encouragement à la construction de logements (790)"
"571","– Aides cantonales complétant l’AVS/AI,
– Compléments communaux aux aides financières cantonales
Ne sont pas comprises :
– les prestations complémentaires à l’AI conformément à la loi fédérale du 19 juin 1959 sur l’assurance-invalidité (LAI, RS 831.20) (522)
– les prestations complémentaires à l’AVS conformément à la loi fédérale du 20 décembre 1946 sur l’assurance-vieillesse et survivants (LAVS, RS 831.10) (532)"
"572","– Soutien selon la législation cantonale en matière d’aide sociale"
"573","– Prestations ou soutien dans le domaine de la politique en matière d’asile et de réfugiés"
"579","– Tâches du domaine de l’assistance ne pouvant être rattachées à aucune fonction spécifique"
"580","– Administration, gestion opérationnelle ou soutien de la recherche appliquée et du développement expérimental dans le domaine de la prévoyance sociale
N’est pas comprise :
– la recherche fondamentale (281)"
"591","– Administration, gestion opérationnelle ou soutien conformément à la loi fédérale du 25 septembre 1952 sur les allocations pour perte de gain en cas de service militaire et de maternité (loi sur les allocations pour perte de gain, LAPG, RS 834.1)
– Contributions des pouvoirs publics.
Ne sont pas comprises :
– les cotisations de l’employeur (attribuées par domaine d’activité)"
"592","– Prestations à vocation d’aide, parrainage de commune en difficulté dans le pays"
"593","– Contributions à des institutions d’utilité publique actives à l’étranger (Caritas, EPER, CICR, etc.)"
"611","– Administration, prestations, exploitation, construction, entretien en rapport avec le réseau de routes nationales.
Ne sont pas compris :
– la sécurité routière (112), l’Office de la circulation routière (113)"
"612","– Administration, prestations, exploitation, construction, entretien en rapport avec le réseau de routes principales selon la loi fédérale du 22 mars 1985 concernant l’utilisation de l’impôt sur les huiles minérales à affectation obligatoire (LUMin, RS 725.116.2)
Ne sont pas compris :
– la sécurité routière (112), l’Office de la circulation routière (113)"
"613","– Administration, prestations, exploitation, construction, entretien en rapport avec les routes cantonales, non rattachés à la fonction 612
Ne sont pas compris :
– la sécurité routière (112), l’Office de la sécurité routière (113)"
"615","– Administration, prestations, exploitation, construction, entretien
– Places de stationnement communales, parkings couverts, parkings d'échange (park & ride), parcomètres, etc., y c. installations relatives au trafic, décoration des routes, illumination de Noël, plates-bandes, etc
618	"
"619","– Administration, prestations, exploitation, construction, entretien en rapport avec les routes ne pouvant pas être affectées à une autre fonction
– Aires d’accueil, de transit pour gens du voyage"
"621","– Infrastructures destinées au trafic ferroviaire (construction, entretien, acquisitions)
Ne sont pas compris :
– les coûts d’exploitation et les contributions d’exploitation des entreprises ferroviaires (622)"
"622","– Contributions d’exploitation versées par la Confédération et les cantons aux CFF et aux entreprises concessionnaires assurant le trafic régional
Ne sont pas comprises :
– les infrastructures (621) ;"
"629","– Tâches et contributions dans le domaine des transports publics (62), qui ne peuvent être rattachées à une fonction spécifique"
"631","– Administration ou soutien des activités ayant trait à l’exploitation, à l’utilisation, à la mise en place et à l’entretien de réseaux de navigation"
"632","– Surveillance et édiction de directives, administration ou soutien des activités ayant trait à l’exploitation et à l’utilisation de réseaux et d’installations de trafic aérien"
"633","– Administration ou soutien des activités ayant trait à l’exploitation, à l’utilisation, à la construction et à l’entretien des autres systèmes de transport (téléfériques, télésièges, funiculaires, etc.)"
"634","– Autres tâches ne pouvant être rattachées à une fonction spécifique dans le domaine des transports"
"640","– Administration ou soutien des activités ayant trait à la mise en place, à l’extension, à l’amélioration, à l’exploitation et à l’entretien de réseaux de télécommunications (systèmes postaux, téléphoniques, télégraphiques ou sans fil, transmission par satellites)
– Emission de directives concernant l’exploitation de systèmes de télécommunications (octroi de concessions, attribution de fréquences, spécification des marchés à approvisionner et des tarifs, etc.)
Ne sont pas compris :
– les systèmes de navigation radio et satellite destinés à la navigation (631)
– les systèmes de navigation radio et satellite destinés à l’aviation (632)
– les réseaux de radio et de télédiffusion (332)"
"681","– Administration, gestion opérationnelle ou soutien de la recherche appliquée et du développement expérimental dans le domaine des transports
N’est pas comprise :
– la recherche fondamentale (281)"
"682","– Administration, gestion opérationnelle ou soutien de la recherche appliquée et du développement expérimental dans le domaine des télécommunications
N’est pas comprise :
– la recherche fondamentale (281)"
"710","– Administration ou soutien des activités ayant trait à l’approvisionnement en eau
– Surveillance et édiction de directives sur tous les aspects de l’approvisionnement en eau potable, y compris les contrôles de pureté, de prix et de quantité,
– Mise en place ou exploitation de systèmes d’approvisionnement non commerciaux
Ne sont pas compris :
– les systèmes d’irrigation de l’agriculture (81)
– la collecte et le traitement des eaux usées (720)"
"720","– Administration, contrôle, construction, entretien, exploitation ou soutien de systèmes d’évacuation et d’installations de traitement des eaux usées"
"730","– Administration, surveillance, contrôle, exploitation ou soutien de systèmes de collecte, de traitement et d’élimination des déchets
– Soutien à l’exploitation, à la mise en place, à l’entretien et à l’extension de tels systèmes
– Collecte, traitement et élimination de déchets nucléaires"
"741","– Soutien à l’exploitation, à la réalisation, à l’entretien ou à l’extension de corrections de cours d’eau"
"742","– Soutien à l’exploitation, à la réalisation, à l’entretien ou à l’extension d’ouvrages de protection contre les avalanches, les chutes de pierres, les coulées de boue etc
– reboisements aux fins de protection contre les avalanches"
"750","– Mesures et activités visant à protéger et à permettre la réimplantation d’espèces animales et végétales, à protéger et à reconstituer des écosystèmes et des biotopes, ainsi qu’à protéger et à reconstituer des paysages naturels ou semi-naturels
– Administration, gestion opérationnelle ou soutien de réserves et de parcs naturels
Ne sont pas comprises :
– la protection et la reconstitution de monuments historiques (312),
– la lutte contre les mauvaises herbes dans l’agriculture (81)
– la lutte contre les incendies de forêt, dans un contexte où les considérations économiques dominent (820)"
"761","– Mesures et activités visant à réduire les émissions atmosphériques ou la concentration de substances polluantes dans l’atmosphère, ainsi que mesures et activités visant à réduire les émissions de gaz à effet de serre et de gaz ayant une incidence négative sur la couche d’ozone stratosphérique"
"769","– Mesures et activités visant à protéger et à assainir le sol et les eaux souterraines,
– Mesures et activités visant à protéger du bruit et des vibrations,
– Mesures et activités visant à protéger du rayonnement.
N’est pas comprise :
– la protection contre le bruit et les vibrations destinée uniquement aux travailleurs (850)"
"771","– Administration, surveillance, contrôle ou soutien des activités ayant trait aux ensevelissements et aux crémations,
– Administration, contrôle, construction, entretien et exploitation de cimetières"
"779","– Activités ayant trait à la protection de l’environnement et ne pouvant être rattachées à un domaine particulier"
"781","– Administration, gestion opérationnelle ou soutien de la recherche appliquée et du développement expérimental dans le domaine de la protection de l’environnement
N’est pas comprise :
– la recherche fondamentale (281)"
"782","– Administration, gestion opérationnelle ou soutien de la recherche appliquée et du développement expérimental dans le domaine de l’aménagement du territoire
N’est pas comprise :
– la recherche fondamentale (281)"
"790","– Administration des activités ayant trait à l’aménagement du territoire, administration des polices des constructions, des plans d’affectation des sols et des prescriptions en matière de construction
– Encouragement à la construction de logements
N'est pas comprise :
– la construction de logements sociaux (560)"
"811","– Administration, surveillance et édiction de directives en matière d’économie agricole"
"812","– Mesures visant à améliorer les conditions de vie et les conditions économiques en zone rurale, soutien sous forme d’aides à l’investissement"
"813","– Administration, prestations ou encouragement dans le domaine de l’amélioration de l’élevage
– Surveillance et contrôle dans le domaine de l’élevage et de la lutte contre les épizooties"
"814","– Administration, prestations ou encouragement dans le domaine de la production végétale
– Surveillance et contrôle dans le domaine de la production végétale"
"815","– Gestion opérationnelle ou soutien de programmes et de projets visant à stabiliser ou à améliorer les prix des produits agricoles et les revenus de l’agriculture
– Promotion de la commercialisation des produits agricoles"
"816","– Soutien selon l’ordonnance du 7 décembre 1998 sur les paiements directs versés dans l’agriculture (ordonnance sur les paiements directs OPD, RS 910.13)"
"817","– Mesures d’accompagnement destinées à atténuer les conséquences sociales des changements structurels, telles que les prêts octroyés à titre d'aide aux exploitations paysannes, les prêts destinés à la conversion de dettes coûtant intérêts ou les aides à la reconversion à une profession non agricole
Ne sont pas comprises :
– les allocations familiales dans l’agriculture (541)"
"818","– Exploitation, construction et entretien en matière d’économie alpestre, dans le patrimoine administratif"
"820","– Administration ou soutien d'activités et de prestations ayant trait à la sylviculture,
– Surveillance et régulation des activités ayant trait à la sylviculture,
– Gestion opérationnelle ou soutien des opérations de reboisement, des contrôles ayant trait aux infestations et aux maladies, de la lutte contre les incendies de forêt et de leur prévention, ainsi que des prestations ayant trait à l’extension des surfaces forestières
Ne sont pas compris :
– les reboisements en haute montagne (742)"
"830","– Cette catégorie comprend la chasse et la pêche aussi bien commerciales que sportives.
– Administration des activités liées à la chasse et à la pêche, protection, accroissement et exploitation rationnelle des populations de poissons et d’animaux sauvages, surveillance et régulation de la pêche en eaux douces, des fermes piscicoles, de la chasse d’animaux sauvages et de l’octroi de permis de chasse et de pêche
– Exploitation des élevages piscicoles et soutien de leur agrandissement, de leur équipement, de la sélection des poissons, etc
– Soutien de la chasse et de la pêche commerciales, y compris la mise en place et l’exploitation d’élevages piscicoles
Ne sont pas compris :
– l’administration, la gestion opérationnelle ou le soutien des réserves et des parcs naturels (750)"
"840","– Administration des activités liées au tourisme, promotion et développement du tourisme, collaboration avec les entreprises de transport et avec l’hôtellerie-restauration ainsi qu’avec d’autres branches économiques tirant bénéfice de l’existence du tourisme
– Exploitation d’offices du tourisme en Suisse et à l’étranger, etc., organisation de campagnes publicitaires, y compris la production et la distribution de brochures et de divers supports publicitaires"
"850","– Administration, gestion opérationnelle, réglementation ou soutien d'activités économiques telles que l’ensemble des marchés d’importation et d’exportation, de marchandises et de capitaux, la définition de normes en matière de revenus, les mesures générales de promotion économique, l'édiction de prescriptions générales touchant aux monopoles et aux autres obstacles au commerce et à l’accès au marché, etc., formulation et mise en œuvre de la politique économique générale
– Gestion opérationnelle et soutien d’institutions s’occupant de brevets, de marques de fabrique et de droits de propriété intellectuelle
– Information et protection des consommateurs
– Formulation et mise en œuvre d’une politique générale de l’emploi, surveillance et réglementation des conditions de travail et de la protection des travailleurs,
– Achat et stockage de produits alimentaires, d’équipements et d’autres articles destinés à être utilisés en cas d’urgence ou de catastrophe en temps de paix.
Ne sont pas compris :
– les offices régionaux de placement (559),
– les prestations aux chômeurs (552)"
"860","– Surveillance des marchés financiers
– Surveillance des banques
– Capital de dotation des banques, participation aux bénéfices des banques"
"871","– Administration, surveillance et réglementation, soutien des activités ayant trait à la production, à la distribution et à la commercialisation de l’électricité
– Mise sur pied et exploitation de systèmes d’approvisionnement en électricité
– Soutien de l’industrie d’approvisionnement en électricité, ainsi que des dépenses destinées à la construction de barrages et d’autres installations (par ex. éoliennes ou solaires)"
"872","– Administration, surveillance ou soutien des activités ayant trait au traitement et à la production, à la distribution et à la commercialisation du pétrole et du gaz"
"873","– Administration ou soutien des activités ayant trait à l’énergie non électrique, soit principalement la production, la commercialisation et la mise en valeur de la chaleur sous forme de vapeur, d’eau chaude ou d’air chaud
– Mise en place ou exploitation de systèmes d’approvisionnement en énergie non électrique
– Géothermie,
– Energie non électrique solaire ou éolienne"
"879","– Administration ou soutien des activités ayant trait à d’autres combustibles comme l’alcool, le bois et les déchets de bois, la bagasse (fibre de canne à sucre) et d’autres combustibles issus de matières non commercialisées, ainsi que dans le domaine de l’énergie ne pouvant pas être affectée à une autre fonction
Ne sont pas comprises :
– l’élimination des déchets radioactifs (730)
– l’énergie éolienne et solaire (871 ou 873)
– l’énergie géothermique (873)"
"881","– Administration, gestion opérationnelle ou soutien de la recherche appliquée et du développement expérimental dans le domaine de l’agriculture
N’est pas comprise :
– la recherche fondamentale (281)"
"882","– Administration, gestion opérationnelle ou soutien de la recherche appliquée et du développement expérimental dans les domaines de la sylviculture, de la chasse et de la pêche
N’est pas comprise :
– la recherche fondamentale (281)"
"883","– Administration, gestion opérationnelle ou soutien de la recherche appliquée et du développement expérimental dans le domaine des combustibles et de l’énergie
N’est pas comprise :
– la recherche fondamentale (281)"
"884","– Administration, gestion opérationnelle ou soutien de la recherche appliquée et du développement expérimental dans le domaine des autres activités économiques
N’est pas comprise :
– la recherche fondamentale (281)"
"890","– Activités économiques ne pouvant être rattachées à une fonction particulière"
"910","– La répartition des types d’impôts suit le plan comptable harmonisé du MCH2
Ne sont pas comprises :
– l’administration des finances et des contributions (021)
– les amendes fiscales (021)"
"920","– Remboursements d’impôts à la collectivité publique d’un autre Etat, définis par convention"
"930","– Réduction des disparités dans la capacité financière.
– La répartition entre les différents types de péréquation financière et de compensation des charges suit le plan comptable harmonisé du MCH2"
"940","– A n’utiliser que pour des parts aux recettes non affectées; pour des parts aux recettes affectées, il faut utiliser la fonction correspondante
– La répartition des parts aux recettes non affectées de la Confédération suit le plan comptable harmonisé MCH2
– Il s’agit de parts aux recettes de la Confédération non affectées qui ne font ni partie de la péréquation financière et la compensation des charges (fonction 930), ni d’une autre tâche (fonction) et dont la collectivité publique peut disposer librement"
"950","– A n’utiliser que pour des parts aux recettes non affectées; pour des parts aux recettes affectées, il faut utiliser la fonction correspondante
– La répartition des autres des autres parts aux recettes suit le plan comptable harmonisé MCH2
– Il s’agit de parts à d’autres recettes non affectées qui ne font ni partie de la péréquation financière et la compensation des charges (fonction 930), ni d’une autre tâche (fonction) et dont la collectivité publique peut disposer librement"
"961","– Intérêts actifs et passifs
Ne sont pas compris :
– les coûts administratifs liés à la politique en matière de dette publique (021)
– les loyers relatifs aux immeubles"
"962","– Commissions, redevances et frais relatifs aux titres"
"963","– Immeubles à vocation de placement en capital, pouvant être aliénés et ne servant pas à l’activité administrative"
"969","– Patrimoine financier ne pouvant être rattaché à une fonction particulière
– Intérêts négatifs"
"990","– Postes comptables qui ne peuvent être répartis"