"id"	"description"
"011"	"– Potere legislativo
– Parlamenti, commissioni permanenti e ad hoc, elezioni, votazioni"
"012"	"– Potere esecutivo
– Consiglio federale, Governi cantonali e Municipi
Non comprende:
– Segreterie generali, segreterie dei capidipartimento a livello federale, cantonale e comunale, commissioni interdipartimentali cui è stato affidato un compito particolare (ripartizione secondo il loro settore di compiti)"
"021"	"– Costi di emissione (962), gestione dei mezzi pubblici, applicazione di sistemi d’imposizione (comprese multe fiscali)
– Uffici delle finanze, autorità doganali, prestazioni di servizi nell’ambito della contabilità e della revisione dei conti annuali
– Amministrazione delle finanze e delle contribuzioni e relative prestazioni di servizi a tutti i livelli amministrativi statali
Non comprende:
– Gestione del patrimonio e del debito (96), vigilanza sulle banche (860), commissioni di verifica dei conti (011)
– spese d'esecuzione (funzione conscernente della transazione)"
"022"	"– Amministrazione generale
– Prestazioni di servizi che non possono essere attribuite a una determinata funzione"
"023"	"– Gestione, esercizio o sostegno nel settore meteorologico come l’Organizzazione Meteorologica Mondiale a Ginevra, Organizzazione europea per la gestione dei satelliti meteorologici di Darmstadt o lo European Centre for Medium-Range Weather Forecasts
– Gestione, esercizio o sostegno nel settore della topografia nazionale"
"029"	"– Immobili amministrativi che non possono essere attribuiti a una determinata funzione (multiuso)
– Questa funzione riguarda la Confederazione"
"031"	"– Gestione degli affari esteri e prestazioni di servizi corrispondenti
– Esercizio del Dipartimento degli affari esteri e delle rappresentanze diplomatiche e consolari all’estero o presso la sede di organizzazioni internazionali, fornitura o sostegno di determinati servizi d’informazione o culturali all’estero, esercizio (di) o sostegno a biblioteche, sale di lettura e servizi di documentazione all’estero
– Contributi regolari di membro o contributi speciali per coprire i costi d’esercizio generali di organizzazioni internazionali
Non comprende:
– Aiuto economico ai Paesi in sviluppo e in transizione (033 o 034)
– Missioni di aiuto economico accreditate presso Governi stranieri (033 o 034)
– Contributi a programmi di aiuto economico di organizzazioni internazionali o regionali (033)
– Unità militari stazionate all’estero (161)
– Aiuto militare all’estero (163)
– Affari generali dell’economia estera (850)
– Affari e prestazioni di servizi del turismo (840)"
"032"	"– Aiuto umanitario
Non comprende:
– Promovimento della pace (163)"
"033"	"– Gestione dell’aiuto economico prestato tramite organizzazioni internazionali
– contributi sotto forma di prestazioni in contanti o in natura a fondi per l’aiuto allo sviluppo gestiti da organizzazioni internazionali, regionali o multinazionali
Non comprende:
– Aiuto per provvedimenti internazionali volti a garantire la pace (163)"
"034"	"– Gestione della cooperazione economica con Paesi in sviluppo
– Gestione di missioni di aiuto economico accreditate presso Governi stranieri, esercizio o sostegno di programmi di aiuto tecnici, programmi di scolarizzazione, progetti di ricerca e programmi di borse di studio
– Aiuto economico sotto forma di versamenti (in contanti o in natura) o mutui (senza tener conto degli oneri a titolo di interessi)
Non comprende:
– Contributi a fondi per lo sviluppo economico di organizzazioni internazionali o regionali (033)
– Aiuto militare all’estero (163)"
"035"	"– Gestione della cooperazione economica con Paesi in transizione
– Gestione di missioni di aiuto economico accreditate presso Governi stranieri, esercizio o sostegno di programmi di aiuto tecnici, programmi di scolarizzazione, progetti di ricerca e programmi di borse di studio
– Aiuto economico sotto forma di versamenti (in contanti o in natura) o mutui (senza tener conto degli oneri a titolo di interessi)
Non comprende:
– Contributi a fondi per lo sviluppo economico di organizzazioni internazionali o regionali (033)
– Aiuto militare all’estero (163)"
"080"	"– Gestione, esercizio o sostegno della ricerca applicata e dello sviluppo sperimentale nel settore dell’Amministrazione generale"
"111"	"– Impiego di forze di polizia regolari e di servizi ausiliari della polizia, di guardie portuali e di confine, altre unità speciali di polizia finanziate da autorità pubbliche
– Scuola di polizia
Non comprende:
– Sicurezza stradale (112)"
"112"	"– Regolamentazione e controllo del traffico stradale
Non comprende:
– Sicurezza stradale nei settori aviazione e astronautica (632)"
"113"	"– Ufficio cantonale della circolazione stradale e della navigazione"
"120"	"– Gestione, esercizio o sostegno di tribunali civili, penali e delle assicurazioni nonché dell’amministrazione della giustizia
– Disposizione di multe pecuniarie e di somme di liquidazione disposte da un tribunale nonché dalla messa in libertà condizionale e del periodo di prova
– Patrocinio e informazioni giuridiche su incarico dello Stato o di terzi, finanziati o messi a disposizione dallo Stato
Non comprende:
– Esecuzione delle pene (130)"
"130"	"– Gestione, esercizio o sostegno di penitenziari e altri istituti per la detenzione e il reinserimento di delinquenti come «fattorie-carcere», case di educazione, carceri minorili, asili psichiatrici per persone in stato di irresponsabilità ecc"
"140"	"– Gestione, preparazione o sostegno di attività come elaborazione, esecuzione, coordinamento e sorveglianza della politica generale, di piani, programmi e budget in relazione all’ordine pubblico e alla sicurezza, preparazione ed esecuzione della legislazione concernente l’ordine pubblico e la sicurezza
– Prestazioni di servizi nel campo del diritto generale
– Difensori civici, mediatori e simili
– I servizi del catasto e della mensura
– Affari e prestazioni di servizi nell’ambito dell’ordine pubblico e della sicurezza che non rientrano nelle funzioni 11, 12, 13, 15, 16 o 18"
"150"	"– Gestione di affari e prestazioni di servizi per la prevenzione e la lotta contro gli incendi ed altre competenze assegnate ai vigili del fuoco
– Esercizio di vigili del fuoco professionisti nonché di servizi per la prevenzione e la lotta contro gli incendi, preparazione o sostegno di programmi di formazione in materia di prevenzione e lotta contro gli incendi
Non comprende:
– Difesa civile (162)
– Forze specialmente istruite per la lotta e la prevenzione degli incendi di boschi (820)"
"161"	"– Gestione di affari e prestazioni di servizi nell’ambito della difesa militare
– Prestazioni di servizi operazionali nei settori ingegneria, trasporti, comunicazione e servizi d’informazione
Non comprende:
– Azioni di soccorso militare (163)"
"162"	"– Gestione di affari e prestazioni di servizi nell’ambito della difesa civile (in particolare della protezione civile), elaborazione di piani di catastrofe, organizzazione di esercizi coinvolgendo istituti e popolazione civili
– Prestazioni di servizi operazionali o sostegno alle forze di difesa civili
Non comprende:
– Vigili del fuoco (150)
– Acquisto e stoccaggio di derrate alimentari e altri mezzi di approvvigionamento per l’impiego in situazioni di emergenza e di catastrofe in tempo di pace (850)"
"163"	"– Gestione dell’aiuto militare ed esecuzione di azioni di soccorso militari riconosciute da Governi esteri o in relazione a organizzazioni militari o alleanze
– Aiuto militare sotto forma di cessione pubblica o mutui sotto forma di equipaggiamento
– contributi a provvedimenti internazionali per il mantenimento della pace, compresa la messa a disposizione di personale"
"181"	"– Gestione, esercizio o sostegno della ricerca applicata e dello sviluppo sperimentale nel settore dell’ordine pubblico e della sicurezza
Non comprende:
– Ricerca fondamentale (281)"
"182"	"– Gestione, esercizio o sostegno della ricerca applicata e dello sviluppo sperimentale nel settore della difesa
Non comprende:
– Ricerca fondamentale (281)"
"211"	"– Dal punto di vista strutturale, nei Cantoni esistono diversi tipi di scuole dell’infanzia, primo ciclo elementare o livelli di base
– Offerta di prestazioni di servizi per l’insegnamento (priorità: competenze sociali e metodo di lavoro scolastico) al livello elementare rispettivamente al livello di formazione 0 secondo la ISCED-97
– Gestione, vigilanza, esercizio o sostegno di scuole e altri istituti che offrono prestazioni di servizi per l’insegnamento al livello elementare rispettivamente al livello di formazione 0 secondo la ISCED-97
Non comprende:
– Prestazioni di servizi per le funzioni 214, 218 o 219"
"212"	"– Offerta di prestazioni di servizi per l’insegnamento (priorità: lettura, scrittura, calcolo e altre materie) al livello di formazione 1 secondo la ISCED-97
– Prestazioni di servizi per l’insegnamento ad allievi con difficoltà d’apprendimento (classi ridotte, classi d’integrazione, classi per alloglotti)
– Gestione, vigilanza, esercizio o sostegno di scuole e altri istituti che offrono prestazioni di servizi per l’insegnamento al livello di formazione 1 secondo la ISCED-97
Non comprende:
– Prestazioni di servizi per le funzioni 214, 218 o 219"
"213"	"– Offerta di prestazioni di servizi per l’insegnamento (priorità: cultura generale e preparazione alla vita professionale o accesso alle scuole superiori) al livello secondario inferiore rispettivamente al livello di formazione 2 secondo la ISCED-97
– Gestione, vigilanza, esercizio o sostegno di scuole e altri istituti che offrono prestazioni di servizi per l’insegnamento al livello secondario inferiore rispettivamente al livello di formazione 2 secondo la ISCED-97
– Prestazioni di servizi per l’insegnamento ad allievi con difficoltà d’apprendimento (classi ridotte, classi d’integrazione, classi per alloglotti, classi pratiche)
– Borse di studio, sussidi, mutui e aiuti finanziari per il sostegno di allievi che seguono una formazione del livello secondario inferiore rispettivamente del livello di formazione 2 secondo la ISCED-97
–  «Formazioni transitorie» come il 10° anno purché si tratti di un’offerta scolastica
Non comprende:
– Prestazioni di servizi per le funzioni 214, 218 o 219"
"214"	"– Scuole di musica a livello di scuola dell’obbligo"
"217"	"– Gestione, costruzione, esercizio e manutenzione di edifici scolastici"
"218"	"– Custodia diurna extrafamiliare (compreso vitto) di bambini e adolescenti senza i Centri psico-educativi (CPS)
– Servizio di pasti alla scuola
Non comprende:
– Doposcuola e asili nido (545)"
"219"	"– Compiti nel settore della scuola dell’obbligo (21), che non possono essere attribuiti a una funzione specifica
– Gestione della scuola dell’obbligo"
"220"	"– Scuole di pedagogia curativa, scuole speciali per i bambini disabili secondo le leggi cantonali in materia scolastica e di formazione nonché altre leggi (legge su prestazioni assistenziali, legge sui disabili ecc.)
– Prestazioni negli ambiti educazione precoce di natura pedagogico-terapeutica, misure pedagogico-terapeutiche (compreso vitto e alloggio) nonché trasporti
Non comprende:
– Insegnamento delle lingue nazionali per gli alloglotti, lezioni di ricupero e di logopedia, aiuto ai compiti, classi ridotte e classi pratiche (21)"
"230"	"– Offerta di prestazioni di servizi per l’insegnamento al livello secondario superiore rispettivamente ai livelli di formazione 3 e 4 secondo la ISCED-97
– La formazione professionale di base del livello secondario II può essere assolta in forma di tirocinio (sistema duale: scuola e azienda) o frequentando una scuola a tempo pieno
– Maturità professionale"
"251"	"– Offerta di prestazioni di servizi per l’insegnamento al livello secondario superiore rispettivamente al livello di formazione 3 secondo la ISCED-97
– Gestione, sorveglianza, esercizio e sostegno di scuole e altri istituti che offrono prestazioni di servizi per l’insegnamento al livello secondario superiore rispettivamente al livello di formazione 3 secondo la ISCED-97
– Borse di studio, sussidi, mutui e aiuti finanziari per il sostegno di allievi che seguono una formazione del livello secondario superiore rispettivamente del livello di formazione 3 secondo la ISCED-97
– Prestazioni di servizi per l’insegnamento ad adulti e a giovani nel livello secondario superiore
Non comprende:
– Maturità professionale (230)"
"252"	"– Le scuole specializzate (ex scuole di diploma) offrono un ampio ciclo di formazione che prepara in modo mirato a formazioni professionali del livello terziario (formazioni presso scuole specializzate superiori e scuole universitarie superiori). Offerta di prestazioni di servizi per l’insegnamento al livello secondario superiore rispettivamente al livello di formazione 3 secondo la ISCED-97
Non comprende:
– Maturità professionale (230)"
"260"	"– Offerta di prestazioni di servizi per l’insegnamento nel settore post-secondario, non terziario del livello di formazione 5B secondo la ISCED-97
– Gestione, vigilanza, esercizio o sostegno di istituti che offrono prestazioni di servizi per l’insegnamento nel settore post-secondario, non terziario del livello di formazione 5B secondo la ISCED-97
– Borse di studio, sussidi, mutui e aiuti finanziari per studenti che assolvono una formazione nel settore post secondario, non terziario del livello di formazione 5B
– Prestazioni di servizi per l’insegnamento extrascolastico ad adulti e a giovani nel settore post secondario, non terziario
– Diploma di una scuola specializzata superiore riconosciuta o diploma professionale superiore o specializzato (attestato professionale federale, diploma federale o diploma di maestria)"
"271"	"– Offerta di prestazioni di servizi per l’insegnamento al livello terziario rispettivamente al livello di formazione 5A/6 secondo la ISCED-97
– Gestione, vigilanza, esercizio o sostegno di università e altri istituti che offrono prestazioni di servizi per l’insegnamento al livello terziario rispettivamente al livello di formazione 5A/6 secondo la ISCED-97
– Borse di studio, sussidi, mutui e aiuti finanziari per studenti che frequentano una formazione a livello terziario rispettivamente a livello di formazione 5A/6 secondo la ISCED-97
– 10 università cantonali (ZH, BE, FR, BS, SG, TI, VD, NE, GE, LU)
– Politecnici federali"
"272"	"– Offerta di prestazioni di servizi per l’insegnamento al livello terziario rispettivamente al livello di formazione 5A secondo la ISCED-97
– Formazione di base di insegnanti di livello prescolastico, primario e in parte anche secondario I e II impartita dalle circa 15 alte scuole pedagogiche
– Sebbene abbiano lo statuto di scuole universitarie professionali, le alte scuole pedagogiche sottostanno al diritto cantonale"
"273"	"– Offerta di prestazioni di servizi per l’insegnamento al livello terziario rispettivamente al livello di formazione 5A secondo la ISCED-97
– Gestione, vigilanza, esercizio e sostegno di università e altri istituti che offrono prestazioni di servizi per l’insegnamento al livello terziario rispettivamente al livello di formazione 5A secondo la ISCED-97
– Borse di studio, sussidi, mutui e aiuti finanziari per studenti, che frequentano una formazione di livello terziario rispettivamente di livello di formazione 5A secondo la ISCED-97"
"281"	"– Gestione, esercizio o sostegno sotto forma di contributi o sussidi d’investimento a istituti non statali come istituti di ricerca o università
Non comprende:
– Ricerca e sviluppo nei settori funzionali"
"282"	"– Gestione, esercizio, o sostegno alla ricerca applicata e allo sviluppo sperimentale nel settore della formazione
Non comprende:
– Ricerca fondamentale (281)"
"291"	"– Esercizio o sostegno alla formazione nonché coordinamento e monitoraggio di tutte le politiche scolastiche, piani, programmi e preventivi
– Gestione e prestazioni di servizi dei dipartimenti dell’educazione
– Concessione di licenze a istituti scolastici
Non comprende:
– Gestione della scuola dell’obbligo (219)
– Gestione, costruzione, esercizio e manutenzione di edifici scolastici (219)"
"299"	"– Compiti rimanenti non attribuibili a un determinato livello di formazione (formazione degli adulti, perfezionamento, orientamento professionale)
– Borse di studio non attribuibili ai livelli di formazione
– La seguente articolazione permette una separazione rigorosa dei settori cultura e media dai settori sport, tempo libero e chiesa nonché un avvicinamento alla classificazione adottata da Eurostat nel settore della cultura"
"311"	"– Gestione, esercizio, manutenzione o sostegno di diversi musei (compresi musei all’aperto), gallerie d’arte (sculture, quadri, fotografie), spazi espositivi ecc
– Promozione di artisti figurativi (scultori, pittori, fotografi, designer, e altri artisti)
– promozione di organizzazioni culturali nel ambito degli arti figurativi (associazioni d’arte, associazioni di musei e altre)
Non comprende:
– Manifestazioni culturali nel quadro di relazioni politiche (031)
– Festività nazionali, regionali o locali concepite in primo luogo quali attrazioni turistiche (840)"
"312"	"– Gestione, esercizio, manutenzione o sostegno di costruzioni e siti storici, archeologici e degni di protezione
Non comprende:
– Festività nazionali, regionali o locali concepite in primo luogo quali attrazioni turistiche (840)"
"321"	"– Gestione, esercizio, manutenzione o sostegno di biblioteche
– Gestione, esercizio, manutenzione o sostegno di archivi storici e letterari (manuscritti, croniche, carte, grafiche e altro)
– Promozione o sostegno di società di lettura e altre organizazzioni culturali nel ambito delle biblioteche e degli archivi
– Promozione di libri e fiere del libro e festivals di letteratura, promozione di artisti ed organizzazioni nel ambito della letteratura (scrittori, traduttori letterari, librerie, editori ed altri)
Non comprende:
– Archivazione di documenti dell’amministrazione (022)
– Traduzione semplici"
"322"	"– Esercizio, manutenzione o sostegno di concerti e teatri
– promozione di musica, danza, teatro, musical, opere, circhi
– promozione di artisti nel ambito della musica e del teatro (musicisti, compositori, attori di teatro, reggisti di teatro e altri)
– promozione di organizzazioni culturali nel ambito della musica e del teatro (orchestre, cori, associazioni musicali, associazioni teatrali e altre)
Non comprende:
– Sostegno a scuole di musica (214)"
"329"	"– Promozione generale e non specifica della cultura
– Promozione di manifestazioni e organizzazioni culturali che non rientrano nelle funzioni 311, 312, 321, 322, 331 o 332
– Giardini zoologici o botanici, acquari, sentieri didattici e istituzioni simili"
"331"	"– Promozione della produzione e distribuzione di film
– Sostegno a festival di film
– Promozione di artisti nel ambito del cinema (attori di cinema, registi di cinema e altri)
– Promozione di organizzazioni culturali nel ambito del cinema (associazioni cinematografiche, distribuzione cinematografica e altre)
Non comprende:
– Filmi di commissione per pubblicità turistica (840)"
"332"	"– Promozione di materiale culturale destinato alla diffusione tramite televisione, Internet e radio, produzione multimediatica
– Promozione di giornali, stampa, media
Non comprende:
– Centri di stampa degli enti pubblici (022)
– Editoria scolastica (219)
– Preparazione di materiale per compiti nel settore della formazione (2)"
"341"	"– Gestione, esercizio, manutenzione o sostegno di impianti sportivi
– Vigilanza (su) ed emanazione di regolamenti per centri sportivi
– Promozione e sostegno di attività e manifestazioni sportive
Non comprende
– Impianti sportivi collegati a istituti di formazione (classificati nella corrispondente classe del settore della formazione 2)"
"342"	"– Gestione, esercizio, manutenzione o sostegno di prestazioni di servizi nel settore delle attività ricreative
– Esercizio o sostegno di impianti per le attività ricreative (parchi, campeggi e posti di sosta adiacenti e installati su base non commerciale)
Non comprende:
– Giardini zoologici o botanici, acquari, sentieri didattici e istituzioni simili (329)
– Impianti per attività ricreative collegate a istituti di formazione (classificati nella corrispondente classe del settore della formazione 2)"
"350"	"– Gestione, esercizio o sostegno di chiese e affari religiosi"
"381"	"– Gestione, esercizio o sostegno della ricerca applicata e dello sviluppo sperimentale nel settore della cultura e media
Non comprende:
– Ricerca fondamentale (281)"
"382"	"– Gestione, esercizio o sostegno della ricerca applicata e dello sviluppo sperimentale nel settore dello sport, tempo libero e religione
Non comprende:
– Ricerca fondamentale (281)"
"411"	"– Costruzione, esercizio, manutenzione o sostegno di stabilimenti adibiti alla cura ospedaliera di malattie acute o all’attuazione ospedaliera di provvedimenti medici di riabilitazione. Questi stabilimenti sono considerati come ospedali sia secondo l’articolo 39 capoverso 1 LAMal sia secondo la statistica dell’UST in materia di ospedali
– Servizi pubblici"
"412"	"– Costruzione, esercizio, manutenzione o sostegno di istituti in servizio 24 ore su 24 per l’accoglienza di pazienti che necessitano di una cura ospedaliera o assistenza medica. Il ricovero è dovuto a motivi medici e/o sociali ed è di regola previsto per un lungo periodo (definizione secondo la statistica dell’UFS in materia di istituti medico-sociali)"
"413"	"– Costruzione, esercizio, manutenzione o sostegno di ospedali o cliniche specializzate nel settore medico della psichiatria"
"421"	"– Cure mediche extraospedaliere, cure a domicilio, associazioni di samaritani, servizio di pasti a domicilio (non sovvenzinato) ecc"
"422"	"– Ambulanze, polizia sanitaria, Rega, pronto soccorso ecc"
"431"	"– Misure profilattiche e terapeutiche
Non comprende:
– Sostegno sociale di alcoolisti e tossicodipendenti (579)"
"432"	"– Gestione, controllo, esercizio o sostegno di un servizio sanitario pubblico come l’esercizio di banche del sangue (raccolta, lavorazione, stoccaggio, spedizione), diagnosi di malattie (cancro, tubercolosi, malattie veneree), prevenzione (immunizzazione, vaccinazione), controllo (alimentazione dei bambini, salute dei bambini) e raccolta di dati epidemiologici ecc
– Allestimento ed elaborazione di informazioni su affari del servizio sanitario pubblico
– Servizio sanitario pubblico offerto sul posto di lavoro da gruppi specializzati o da altri servizi non medici
– Servizio sanitario pubblico non collegato a un ospedale, a una clinica o a un medico"
"433"	"– Servizio sanitario pubblico offerto da gruppi specializzati presso le scuole (ad es. dentista scolastico)"
"434"	"– Esecuzione di ispezioni nelle aziende
– Esecuzione di analisi di laboratorio
– Controllo del rispetto di prescrizioni legali"
"480"	"– Gestione, esercizio o sostegno della ricerca applicata e dello sviluppo sperimentale nel settore della sanità
– Laboratori che si occupano della diagnosi delle cause di malattie
Non comprende:
– Ricerca fondamentale (281)"
"490"	"– Gestione, esercizio o sostegno di attività come elaborazione, esecuzione, coordinamento e vigilanza di un’ampia politica sanitaria, piani, programmi e preventivi
– Preparazione e attuazione della legislazione e di norme concernenti prescrizioni nel settore della sanità come ad esempio rilascio di concessioni per istituti medici, disposizioni di ammissione per il personale medico (e paramedico), disposizioni di ammissione per medicamenti
– Affari della sanità che non possono essere attribuiti altrimenti"
"511"	"– Gestione, esercizio o sostegno in base alla legge federale del 18 marzo 1994 (RS 832.10) sull’assicurazione malattie (LAMal)
Non comprende:
– Riduzione dei premi (512)
– Assunzione di premi non pagati (579)"
"512"	"– Contributi per la riduzione dei premi delle assicurazioni obbligatorie contro le malattie e gli infortuni
Non comprende:
– Assunzione di premi non pagati (579)"
"513"	"– Gestione, esercizio o sostegno secondo la legge federale del 20 marzo 1981 (RS 832.20) sull’assicurazione contro gli infortuni (LAINF)
Non comprende:
–  Contributi del datore di lavoro (attribuiti in funzione del settore di compiti)"
"514"	"– Gestione, esercizio o sostegno secondo la legge federale del 19 giugno 1992 (RS 833.1) sull’assicurazione militare (LAM)"
"521"	"– Gestione, esercizio o sostegno secondo la legge federale del 19 giugno 1959 (RS 831.20) su l’assicurazione per l’invalidità (LAI)
– Contributi dell’ente pubblico
Non comprende:
– Contributi del datore di lavoro (attribuiti in funzione del settore di compiti)"
"522"	"– Prestazioni complementari della Confederazione e dei Cantoni secondo la legge federale del 6 ottobre 2006 sulle prestazioni complementari all'assicurazione per la vecchiaia, i superstiti e l'invalidità (LPC 831.30)
Non comprende:
– Aiuti cantonali all’AI (571)
– Sussidi comunali in aggiunta agli aiuti cantonali (571)"
"523"	"– Costruzione, esercizio, manutenzione o sostegno di strutture destinate a ospitare, occupare, assistere e favorire gli invalidi
– Case per invalidi"
"524"	"– Prestazioni per invalidi che non rientrano nelle funzioni 521 fino a 523"
"531"	"– Gestione, esercizio o sostegno secondo la legge federale del 20 dicembre su l’assicurazione per vecchiaia e per i superstiti 1946 (RS 831.10) (LAVS)
– Contributi dell’ente pubblico
– Casse di compensazione e agenzie comunali
Non comprende:
– Contributi del datore di lavoro (attribuiti in funzione del settore di compiti)"
"532"	"– Prestazioni complementari della Confederazione e dei Cantoni secondo la legge federale del 6 ottobre 2006 sulle prestazioni complementari all'assicurazione per la vecchiaia, i superstiti e l'invalidità (LPC 831.30)
Non comprende:
– Aiuti cantonali all’AVS (571)
– Sussidi comunali in aggiunta agli aiuti cantonali (571)"
"533"	"– Pensioni, rendite transitorie, indennità di rincaro per i pensionati
Non comprende:
– Prestazioni di vecchiaia (535)"
"534"	"– Case di riposo, residenze per pensionati, abitazioni per anziani, strutture di ricovero per anziani (non medicalizzate e senza cure)
Non comprende:
– Case di cura, case di riposo specializzate nelle cure (412)"
"535"	"– Prestazioni di servizi e contributi per la vecchiaia che non rientrano nelle funzioni 531 e 534
– Sostegno a istituzioni per la vecchiaia (ad es. Pro Senectute)
– Nel quadro del conto globale della sicurezza sociale secondo l’Eurostat viene operata una sottoarticolazione in «544 Protezione dei giovani» e «545 Prestazioni a famiglie»"
"541"	"– Assegni familiari secondo la legislazione federale e cantonale
– Assegni familiari nell’agricoltura
Non comprende:
– Assicurazione per la maternità (542)"
"542"	"– Gestione, esercizio o sostegno secondo la legge federale del 25 settembre 1952 (RS 834.1) sulle indennità di perdita di guadagno per chi presta servizio e in caso di maternità (legge sulle indennità di perdita di guadagno, LIPG) nonché secondo le leggi cantonali"
"543"	"– Anticipo e incasso di pensioni alimentari non versate"
"544"	"– Misure per la protezione dei bambini e dei giovani ad esempio assistenza alla gioventù, colonie, Pro Juventute"
"545"	"– Misure per la protezione e il sostegno di famiglie ad esempio consulenza familiare, aiuti alla maternità, assegni di nascita, doposcuola e asili nido
Non comprende:
– Assicurazione per la maternità (542)
– La suddivisione in «551 Assicurazione contro la disoccupazione» e «552 Prestazioni a disoccupati» è un’esigenza della statistica concernente l’aiuto sociale"
"551"	"– Gestione, esercizio o sostegno secondo la legge federale del 25 giugno 1982 (RS 837.0) su l’assicurazione obbligatoria contro la disoccupazione e l’indennità per insolvenza (legge sull’assicurazione contro la disoccupazione)
– Contributi dell’ente pubblico
Non comprende:
– Contributi del datore di lavoro (attribuiti in funzione del settore di compiti)"
"552"	"– Prestazioni individuali a disoccupati che non rientrano nella funzione 551
Non comprende:
– Uffici regionali di collocamento"
"559"	"– Gestione e prestazioni di servizi nel settore della disoccupazione non menzionate altrove, Uffici regionali di collocamento"
"560"	"– Gestione, costruzione, manutenzione ed esercizio di abitazioni sociali
– Sostegno sotto forma di prestazioni come sussidi per le pigioni, pagamenti per alleviare i costi abitativi attuali a carico dei proprietari d’abitazioni (ossia contributi all’ammortamento di ipoteche e pagamenti di interessi)
Non comprende:
– Promozione della proprietà d’abitazioni (790)
–"
"571"	"– Aiuti cantonali all’AVS/AI
– Sussidi comunali in aggiunta agli aiuti cantonali
Non comprende:
– Prestazioni complementari AI secondo la legge del 19 giugno 1959 (RS 831.20) su l’assicurazione per l’invalidità (LAI) (522)
– Prestazioni complementari AVS secondo la legge federale del 20 dicembre 1946 (RS 831.10) su l’assicurazione per la vecchiaia e i superstiti (LAVS) (532)"
"572"	"– Sostegno secondo le legislazioni cantonali in materia di aiuto sociale"
"573"	"– Prestazioni di servizi o sostegno nel settore dell’asilo e dei rifugiati"
"579"	"– Compiti nel settore dell’assistenza che non possono essere attribuiti a una funzione specifica"
"580"	"– Gestione, esercizio o sostegno della ricerca applicata e dello sviluppo sperimentale nel settore della previdenza sociale
Non comprende:
– Ricerca fondamentale (281)"
"591"	"– Gestione, esercizio o sostegno secondo la legge federale del 25 settembre 1952 (RS 834.1) sulle indennità di perdita di guadagno per chi presta servizio e in caso di maternità (legge sulle indennità di perdita di guadagno, LIPG)
– Contributi dell’ente pubblico
Non comprende:
– Contributi del datore di lavoro (attribuiti in funzione del settore di compiti)"
"592"	"– Prestazioni a carattere ausiliario, patrocinio per Comuni in condizioni difficili in Svizzera"
"593"	"– Contributi a istituzioni di utilità pubblica attive all’estero (Caritas, ACES, CICR ecc.)"
"611"	"– Gestione, prestazione di servizi, esercizio, costruzione, manutenzione in relazione alla rete di strade nazionali
Non comprende:
– Sicurezza stradale (112), Ufficio della circolazione (113)"
"612"	"– Gestione, prestazione di servizi, esercizio, costruzione, manutenzione in relazione alla rete di strade principali secondo la legge federale del 22 marzo 1985 (RS 725.116.2) concernente l’utilizzazione dell’imposta sugli oli minerali a destinazione vincolata (LUMin)
Non comprende:
– Sicurezza stradale (112), Ufficio della circolazione (113)"
"613"	"– Gestione, prestazione di servizi, esercizio, costruzione, manutenzione in relazione alle strade cantonali che non rientrano nella funzione 612
Non comprende:
– Sicurezza stradale (112), Ufficio della circolazione (113)"
"615"	"– Gestione, prestazione di servizi, esercizio, costruzione, manutenzione
– Posteggi, parcheggi coperti, park and ride, parchimetri ecc. di proprietà del Comune compresi gli impianti del traffico, addobbi, illuminazioni natalizie, ribassi ecc"
"619"	"– Gestione, prestazione di servizi, esercizio, costruzione, manutenzione in relazione alle strade che non possono essere attribuite a nessun’altra funzione
– spazi di transito e di sosta per nomadi"
"621"	"– Infrastruttura per il traffico ferroviario (costruzione, manutenzione, acquisti)
Non comprende:
– Costi e contributi d’esercizio delle imprese ferroviarie (622)"
"622"	"– Contributi d’esercizio della Confederazione e dei Cantoni alle FFS e alle imprese di trasporto concessionarie nel traffico regionale
Non comprende:
– Infrastruttura (621)"
"629"	"– Compiti e contributi nel settore dei trasporti pubblici (62) che non possono essere attribuiti a una funzione specifica"
"631"	"– Gestione o sostegno di affari concernenti l’esercizio, lo sfruttamento, la costruzione e la manutenzione di reti di navigazione"
"632"	"– Vigilanza ed emanazione di prescrizioni, gestione o sostegno di affari concernenti l’esercizio e l’utilizzazione della rete di collegamenti aerei e delle strutture di navigazione aerea"
"633"	"– Gestione o sostegno di affari concernenti l’esercizio, l’utilizzazione, la costruzione e la manutenzione di sistemi di trasporto (impianti a fune, funivie, funicolari ecc.)"
"634"	"– Compiti rimanenti che non possono essere attribuiti a una determinata funzione del settore dei trasporti"
"640"	"– Gestione o sostegno di affari concernenti la costruzione, l’ampliamento, il miglioramento, l’esercizio e la manutenzione di reti di comunicazione (postali, telefoniche, telegrafiche, sistemi di comunicazione senza fili e satellitari)
– Emanazione di prescrizioni per l’esercizio di reti di comunicazione (rilascio di concessioni, assegnazione delle frequenze, specificazione dei mercati che devono essere approvvigionati e delle tariffe da applicare ecc.)
Non comprende:
– Sistemi di radionavigazione e navigazione satellitare per la navigazione marittima (631)
– Sistemi di radionavigazione e navigazione satellitare per l’aviazione (632)
– Reti radiotelevisive (332)"
"681"	"– Gestione, esercizio o sostegno della ricerca applicata e dello sviluppo sperimentale nel settore dei trasporti
Non comprende:
– Ricerca fondamentale (281)"
"682"	"– Gestione, esercizio o sostegno della ricerca applicata e dello sviluppo sperimentale nel settore delle comunicazioni
Non comprende:
– Ricerca fondamentale (281)"
"710"	"– Gestione o sostegno di affari di approvvigionamento idrico
– Vigilanza (su) ed emanazione di prescrizioni su tutti gli aspetti di approvvigionamento di acqua potabile, compresa la purezza dell’acqua, i controlli dei prezzi e della quantità
– Costruzione o esercizio di sistemi di approvvigionamento idrico non industriali
Non comprende:
– Sistemi d’irrigazione nell’agricoltura (81)
– Raccolta e trattamento delle acque di scarico (720)"
"720"	"– Gestione, vigilanza, controllo, costruzione, esercizio o sostegno di sistemi per le acque di scarico e di impianti per il trattamento delle acque di scarico"
"730"	"– Gestione, vigilanza, controllo, costruzione, esercizio o sostegno di sistemi per la raccolta, il trattamento e l’eliminazione di rifiuti
– Sostegno dell’esercizio, della costruzione, della manutenzione o dell’ampliamento di questi sistemi
– Raccolta, trattamento ed eliminazione di rifiuti nucleari"
"741"	"– Sostegno dell’esercizio, della costruzione, della manutenzione o dell’ampliamento di opere di sistemazione dei corsi d’acqua"
"742"	"– Sostegno dell’esercizio, della costruzione, della manutenzione o dell’ampliamento di opere di protezione contro le valanghe, le cadute di massi,le colate detritiche ecc
– Rimboschimenti a scopo di ripari antivalanghe"
"750"	"– Provvedimenti e attività che mirano alla protezione e alla reintroduzione di piante e animali, alla protezione e al ripristino di ecosistemi e habitat nonché alla protezione e al ripristino di paesaggi naturali e seminaturali
– Gestione, esercizio o sostegno di parchi e riserve naturali
Non comprende:
– Protezione e ripristino di monumenti storici (312)
– Lotta contro le malerbe nell’agricoltura (81)
– Protezione dei boschi contro gli incendi purché prevalgano considerazioni di tipo economico (820)"
"761"	"– Misure e attività per ridurre le emissioni atmosferiche o la concentrazione di inquinanti atmosferici nonché misure e attività per lottare contro le emissioni di gas a effetto serra e gas che pregiudicano lo strato d’ozono stratosferico"
"769"	"– Misure e attività per la protezione e il risanamento di suolo e acque sotterranee
– Misure e attività per la protezione fonica e contro le vibrazioni
– Misure e attività per la radioprotezione
Non comprende:
– Protezione fonica e contro le vibrazioni destinata unicamente alla protezione del lavoro (850)"
"771"	"– Gestione, vigilanza, controllo o sostegno nell’ambito delle sepolture
– Gestione, vigilanza, controllo, costruzione, manutenzione, esercizio di cimiteri"
"779"	"– Affari della protezione dell’ambiente che non possono essere attribuiti altrimenti"
"781"	"– Gestione, esercizio o sostegno della ricerca applicata e dello sviluppo sperimentale nel settore della protezione dell’ambiente
Non comprende:
– Ricerca fondamentale (281)"
"782"	"– Gestione, esercizio o sostegno della ricerca applicata e dello sviluppo sperimentale nel settore dell’assetto del territorio
Non comprende:
– Ricerca fondamentale (281)"
"790"	"– Gestione degli affari dell’assetto del territorio, gestione di ordinamenti edilizi, piani di sfruttamento delle superfici e prescrizioni in materia di costruzione
– Promozione della proprietà d’abitazioni
Non comprende:
– Abitazioni sociali (560)"
"811"	"– Gestione, vigilanza ed emanazione di prescrizioni nell’economia rurale"
"812"	"– Misure volte a migliorare le condizioni di vita e le condizioni economiche nel mondo rurale, sostegno sotto forma di aiuti agli investimenti"
"813"	"– Gestione, prestazioni di servizi o promovimento dei miglioramenti nell’ambito dell’allevamento di bestiame
– Vigilanza e controllo nel settore della detenzione di animali e della lotta contro le epizoozie"
"814"	"– Gestione, prestazioni di servizi e promovimento nel settore della produzione vegetale
– Vigilanza e controllo nel settore della produzione vegetale"
"815"	"– Esercizio o sostegno di programmi e progetti per stabilizzare o migliorare i prezzi dei prodotti agricoli e il reddito agricolo
– Promozione dello smercio dei prodotti agricoli"
"816"	"– Sostegno secondo l’ordinanza del 7 dicembre 1998 (RS 910.13) concernente i pagamenti diretti all’agricoltura (ordinanza sui pagamenti diretti, OPD)"
"817"	"– Misure collaterali per alleviare, dal profilo sociale, le conseguenze del mutamento strutturale come aiuti per la costruzione aziendale, aiuti per la riconversione dei mutui esistenti gravati da interessi e aiuti di riqualificazione in una professione non agricola
Non comprende:
– Assegni familiari nell’agricoltura (541)"
"818"	"– Esercizio, costruzione e manutenzione dell’economia alpestre nei beni amministrativi"
"820"	"– Gestione o sostegno di affari e prestazioni di servizi nella silvicoltura
– Vigilanza e regolamentazione di attività inerenti alla silvicoltura
– Esercizio o sostegno di lavori di rimboschimento, controlli di epizoozie e malattie, lotta e prevenzione degli incendi di boschi e prestazioni di servizi nell’ambito dell’estensione della superficie boschiva
Non comprende:
– Rimboschimenti a scopo di ripari antivalanghe (742)"
"830"	"– Gestione di affari di caccia e pesca, protezione, riproduzione e sfruttamento razionale della popolazione ittica e di fauna selvatica, vigilanza e regolamentazione della pesca d’acqua dolce, pescherie, caccia di animali selvatici e concessione di licenze di caccia e di pesca
– esercizio di allevamenti ittici o sostegno nel campo delle attività di ampliamento, di equipaggiamento d’impianti e di selezione dei pesci ecc
– sostegno di attività di caccia e pesca commerciali, compresi la costruzione e l’esercizio di impianti di allevamento ittico
Non comprende:
– Gestione, esercizio o sostegno di parchi e riserve naturali (750)"
"840"	"– Gestione di affari del turismo, promozione e sviluppo del turismo, collaborazione con il settore dei trasporti, alberghiero e degli esercizi pubblici e altri settori economici che beneficiano del turismo
– Esercizio degli uffici del turismo in Svizzera e all’estero ecc., organizzazione di campagne pubblicitarie compresi l’allestimento e la diffusione di opuscoli pubblicitari e simili"
"850"	"– Gestione, esercizio, regolamentazione o sostegno di affari dell’economia come esportazioni, importazioni, mercati delle merci e dei capitali, determinazione di standard in materia di redditi, misure generali per la promozione dell’economia, emanazione generale di prescrizioni su monopoli e altre limitazioni del commercio e dell’accesso ai mercati ecc., determinazione ed esecuzione di una politica economica generale
– Esercizio o sostegno di istituti che si occupano di brevetti, marchi e diritti d’autore
– Informazioni e protezione dei consumatori
– Determinazione ed esecuzione di una politica economica generale, sorveglianza e regolamentazione delle condizioni di lavoro e della protezione dei lavoratori
– Acquisto e stoccaggio di derrate alimentari, equipaggiamento e altri beni di sostegno per l’impiego in situazioni di emergenza e di catastrofe in tempo di pace
Non comprende:
– Uffici regionali di collocamento (559)
– Prestazioni a disoccupati (552)"
"860"	"– Vigilanza sui mercati finanziari
– Vigilanza sulle banche
– Capitale di dotazione a banche, partecipazioni agli utili di banche"
"871"	"– Gestione, vigilanza e regolamentazione di affari concernenti la produzione, il commercio e la distribuzione di elettricità
– Costruzione o esercizio di sistemi di approvvigionamento elettrico
– Sostegno dell’industria di approvvigionamento elettrico come pure delle uscite per la costruzione di dighe e altri impianti (ad es. energia eolica o fotovoltaica)"
"872"	"– Gestione, vigilanza o sostegno di affari concernenti l’elaborazione, la produzione, il commercio e la distribuzione di petrolio e gas"
"873"	"– Gestione o sostegno di affari concernenti l’energia non elettrica che riguardano soprattutto la produzione, la distribuzione e lo sfruttamento del calore sotto forma di vapore, acqua o aria calde
– Costruzione o esercizio di sistemi di approvvigionamento di energia non elettrica
– Geotermia
– Energia non elettrica eolica o fotovoltaica"
"879"	"– Gestione o sostegno di affari concernenti altri combustibili (come alcol, legno, rifiuti del legno, canna da zucchero pressata e altro non sfruttati sul piano commerciale) come pure affari nel settore dell’energia che non possono essere attribuiti a nessun’altra funzione
Non comprende:
– Smaltimento di rifiuti radioattivi (730)
– Energia eolica o fotovoltaica (871) o (873)
– Geotermia (873)"
"881"	"– Gestione, esercizio o sostegno della ricerca applicata o dello sviluppo sperimentale nel settore dell’agricoltura
Non comprende:
– Ricerca fondamentale (281)"
"882"	"– Gestione, esercizio o sostegno della ricerca applicata o dello sviluppo sperimentale nel settore della silvicoltura, caccia e pesca
Non comprende:
– Ricerca fondamentale (281)"
"883"	"– Gestione, esercizio o sostegno della ricerca applicata o dello sviluppo sperimentale nel settore dei combustibili ed energia
Non comprende:
– Ricerca fondamentale (281)"
"884"	"– Gestione, esercizio o sostegno della ricerca applicata o dello sviluppo sperimentale nel settore delle altre attività di economia nazionale
Non comprende:
– Ricerca fondamentale (281)"
"890"	"– Affari di economia nazionale che non possono essere attribuiti altrimenti"
"910"	"– La ripartizione dei tipi di imposta avviene secondo il piano contabile MPCA2
Non comprende:
– Amministrazione delle finanze e delle contribuzioni (021)
– Multe fiscali (021)"
"920"	"– Restituzioni d’imposta a enti pubblici di altri Stati in base a trattati nazionali"
"930"	"– Compensazione della capacità finanziaria
– La ripartizione dei diversi generi di perequazione finanziaria e di compensazione degli oneri avviene secondo il piano contabile MPCA2"
"940"	"– Utilizzare soltanto per partecipazioni a entrate senza destinazione vincolata, per partecipazioni a entrate a destinazione vincolata si deve utlizzare la funziona corrispondente
– La ripartizione delle quote di ricavi a entrate della Confederazione senza destinazione vincolata avviene secondo il piano contabile MPCA2
– Sono partecipazioni a entrate della Confederazione senza destinazione vincolata che non appartengono né alla perequazione finanziaria e la compensazione degli oneri (funzione 930), né ad altri compiti (funzione) di cui l’ente pubblico può disporre liberamente"
"950"	"– Utilizzare soltanto per partecipazioni a entrate senza destinazione vincolata, per partecipazioni a entrate a destinazione vincolata si deve utlizzare la funziona corrispondente
– La ripartizione delle altre partecipazioni (a entrate/ricavi) senza destinazione vincolata avviene secondo il piano contabile MPCA2
– Sono altre partecipazioni a entrate senza destinazione vincolata che non appartengono né alla perequazione finanziaria e la compensazione degli oneri (funzione 930), né ad altri compiti (funzione) di cui l’ente pubblico può disporre liberamente"
"961"	"– Interessi attivi e passivi
Non comprende:
– Costi di gestione della politica del debito pubblico (021)
– Pigioni di immobili"
"962"	"– Commissioni, tasse e altre spese su titoli di credito"
"963"	"– Immobili quali investimenti in capitale che sono alienabili e non servono all’attività dell’Amministrazione"
"969"	"– Beni patrimoniali che non possono essere attribuiti a una determinata funzione
– ‘Interessi negativi’"
"990"	"– Voci contabili non attribuibili"